Date,INR Gold Price per Troy
1/1/2010,"50,606.8"
1/4/2010,"51,919.8"
1/5/2010,"51,944.7"
1/6/2010,"51,816.2"
1/7/2010,"51,680.7"
1/8/2010,"51,554.4"
1/11/2010,"52,271.3"
1/12/2010,"52,629.4"
1/13/2010,"51,408.2"
1/14/2010,"51,927.0"
1/15/2010,"51,645.5"
1/18/2010,"51,778.6"
1/19/2010,"51,880.1"
1/20/2010,"51,464.3"
1/21/2010,"51,023.8"
1/22/2010,"49,972.4"
1/25/2010,"50,518.4"
1/26/2010,"50,426.2"
1/27/2010,"50,763.6"
1/28/2010,"50,434.2"
1/29/2010,"49,794.3"
2/1/2010,"50,386.4"
2/2/2010,"51,344.9"
2/3/2010,"51,273.6"
2/4/2010,"50,105.7"
2/5/2010,"49,435.0"
2/8/2010,"49,800.5"
2/9/2010,"49,979.2"
2/10/2010,"49,721.0"
2/11/2010,"49,964.9"
2/12/2010,"50,231.8"
2/15/2010,"50,876.4"
2/16/2010,"51,535.7"
2/17/2010,"51,591.5"
2/18/2010,"51,735.4"
2/19/2010,"51,525.9"
2/22/2010,"51,541.3"
2/23/2010,"51,193.2"
2/24/2010,"51,107.5"
2/25/2010,"50,790.3"
2/26/2010,"51,095.9"
3/1/2010,"51,361.0"
3/2/2010,"51,835.9"
3/3/2010,"52,080.1"
3/4/2010,"51,977.1"
3/5/2010,"51,761.7"
3/8/2010,"51,249.8"
3/9/2010,"50,906.1"
3/10/2010,"50,848.3"
3/11/2010,"50,359.0"
3/12/2010,"50,262.5"
3/15/2010,"50,337.2"
3/16/2010,"51,215.5"
3/17/2010,"50,826.5"
3/18/2010,"51,029.0"
3/19/2010,"50,305.8"
3/22/2010,"50,023.6"
3/23/2010,"50,225.6"
3/24/2010,"49,735.5"
3/25/2010,"49,737.0"
3/26/2010,"49,600.2"
3/29/2010,"49,793.2"
3/30/2010,"49,914.6"
3/31/2010,"50,080.4"
4/1/2010,"50,439.5"
4/2/2010,"50,439.5"
4/5/2010,"49,928.3"
4/6/2010,"50,356.4"
4/7/2010,"50,870.4"
4/8/2010,"51,040.1"
4/9/2010,"51,038.5"
4/12/2010,"51,512.2"
4/13/2010,"51,068.4"
4/14/2010,"51,313.0"
4/15/2010,"51,306.0"
4/16/2010,"51,034.5"
4/19/2010,"50,830.1"
4/20/2010,"50,935.7"
4/21/2010,"50,926.4"
4/22/2010,"50,491.5"
4/23/2010,"50,628.0"
4/26/2010,"51,254.0"
4/27/2010,"51,089.5"
4/28/2010,"51,832.8"
4/29/2010,"51,943.7"
4/30/2010,"52,311.5"
5/3/2010,"52,500.2"
5/4/2010,"52,868.8"
5/5/2010,"52,355.1"
5/6/2010,"53,703.7"
5/7/2010,"54,678.3"
5/10/2010,"53,663.0"
5/11/2010,"55,354.8"
5/12/2010,"55,829.8"
5/13/2010,"55,780.3"
5/14/2010,"55,908.3"
5/17/2010,"56,380.1"
5/18/2010,"55,477.7"
5/19/2010,"55,406.2"
5/20/2010,"55,803.5"
5/21/2010,"55,383.4"
5/24/2010,"55,759.3"
5/25/2010,"57,162.5"
5/26/2010,"57,321.5"
5/27/2010,"57,274.2"
5/28/2010,"55,961.6"
5/31/2010,"55,985.7"
6/1/2010,"57,894.6"
6/2/2010,"57,086.8"
6/3/2010,"56,691.9"
6/4/2010,"56,390.0"
6/7/2010,"57,214.4"
6/8/2010,"58,474.8"
6/9/2010,"57,993.0"
6/10/2010,"57,167.7"
6/11/2010,"57,132.6"
6/14/2010,"56,898.3"
6/15/2010,"57,029.9"
6/16/2010,"57,496.8"
6/17/2010,"57,649.7"
6/18/2010,"57,958.1"
6/21/2010,"57,399.6"
6/22/2010,"57,158.8"
6/23/2010,"56,633.6"
6/24/2010,"57,479.4"
6/25/2010,"58,028.8"
6/28/2010,"58,264.5"
6/29/2010,"57,385.7"
6/30/2010,"57,777.6"
7/1/2010,"57,485.9"
7/2/2010,"56,188.2"
7/5/2010,"56,504.2"
7/6/2010,"56,051.5"
7/7/2010,"56,106.6"
7/8/2010,"55,927.4"
7/9/2010,"56,406.3"
7/12/2010,"56,375.2"
7/13/2010,"56,841.9"
7/14/2010,"56,366.9"
7/15/2010,"56,310.9"
7/16/2010,"55,633.1"
7/19/2010,"55,642.8"
7/20/2010,"56,021.0"
7/21/2010,"56,197.1"
7/22/2010,"56,526.4"
7/23/2010,"55,876.1"
7/26/2010,"55,683.7"
7/27/2010,"54,493.0"
7/28/2010,"54,101.3"
7/29/2010,"54,099.8"
7/30/2010,"54,247.4"
8/2/2010,"54,962.2"
8/3/2010,"54,820.9"
8/4/2010,"55,374.9"
8/5/2010,"55,075.6"
8/6/2010,"55,743.7"
8/9/2010,"55,488.4"
8/10/2010,"55,338.0"
8/11/2010,"56,302.9"
8/12/2010,"56,732.0"
8/13/2010,"56,784.4"
8/16/2010,"57,259.8"
8/17/2010,"57,186.8"
8/18/2010,"56,716.2"
8/19/2010,"57,437.9"
8/20/2010,"57,106.9"
8/23/2010,"57,217.4"
8/24/2010,"57,348.5"
8/25/2010,"58,044.9"
8/26/2010,"57,947.3"
8/27/2010,"57,933.8"
8/30/2010,"57,946.2"
8/31/2010,"58,611.8"
9/1/2010,"58,348.7"
9/2/2010,"58,336.2"
9/3/2010,"57,801.1"
9/6/2010,"58,116.0"
9/7/2010,"58,859.9"
9/8/2010,"58,546.4"
9/9/2010,"58,313.6"
9/10/2010,"57,918.6"
9/13/2010,"57,703.8"
9/14/2010,"58,782.5"
9/15/2010,"58,712.8"
9/16/2010,"58,719.5"
9/17/2010,"58,457.5"
9/20/2010,"58,455.3"
9/21/2010,"58,238.8"
9/22/2010,"58,964.2"
9/23/2010,"58,916.3"
9/24/2010,"58,695.7"
9/27/2010,"58,378.0"
9/28/2010,"58,430.6"
9/29/2010,"58,752.5"
9/30/2010,"58,730.0"
10/1/2010,"58,540.2"
10/4/2010,"58,555.8"
10/5/2010,"59,420.1"
10/6/2010,"59,912.5"
10/7/2010,"59,449.0"
10/8/2010,"59,596.1"
10/11/2010,"60,026.9"
10/12/2010,"60,230.7"
10/13/2010,"60,785.2"
10/14/2010,"60,567.2"
10/15/2010,"60,327.3"
10/18/2010,"60,658.0"
10/19/2010,"59,391.3"
10/20/2010,"59,377.9"
10/21/2010,"59,517.0"
10/22/2010,"58,970.3"
10/25/2010,"59,324.8"
10/26/2010,"59,083.0"
10/27/2010,"58,874.0"
10/28/2010,"59,380.8"
10/29/2010,"59,829.4"
11/1/2010,"60,234.6"
11/2/2010,"59,943.9"
11/3/2010,"59,679.7"
11/4/2010,"61,060.9"
11/5/2010,"61,702.0"
11/8/2010,"61,684.1"
11/9/2010,"62,971.6"
11/10/2010,"61,606.1"
11/11/2010,"61,974.5"
11/12/2010,"62,125.0"
11/15/2010,"61,897.3"
11/16/2010,"61,129.9"
11/17/2010,"60,608.8"
11/18/2010,"61,065.0"
11/19/2010,"60,808.5"
11/22/2010,"61,598.7"
11/23/2010,"62,776.1"
11/24/2010,"62,723.3"
11/25/2010,"62,510.3"
11/26/2010,"62,120.0"
11/29/2010,"62,333.8"
11/30/2010,"63,481.9"
12/1/2010,"62,867.1"
12/2/2010,"62,893.9"
12/3/2010,"63,311.9"
12/6/2010,"63,636.7"
12/7/2010,"63,395.9"
12/8/2010,"62,458.3"
12/9/2010,"62,905.4"
12/10/2010,"61,961.9"
12/13/2010,"63,136.9"
12/14/2010,"62,682.8"
12/15/2010,"63,049.2"
12/16/2010,"61,805.2"
12/17/2010,"62,054.6"
12/20/2010,"62,755.5"
12/21/2010,"62,553.1"
12/22/2010,"62,539.8"
12/23/2010,"62,034.1"
12/24/2010,"61,992.9"
12/27/2010,"62,144.0"
12/28/2010,"61,938.0"
12/29/2010,"63,626.1"
12/30/2010,"63,184.2"
12/31/2010,"62,846.9"
1/3/2011,"62,861.0"
1/4/2011,"62,461.7"
1/5/2011,"62,004.6"
1/6/2011,"61,917.8"
1/7/2011,"62,041.3"
1/10/2011,"62,187.0"
1/11/2011,"62,077.3"
1/12/2011,"62,229.9"
1/13/2011,"62,499.1"
1/14/2011,"62,041.3"
1/17/2011,"61,930.0"
1/18/2011,"62,182.2"
1/19/2011,"62,364.2"
1/20/2011,"61,267.3"
1/21/2011,"61,290.5"
1/24/2011,"61,368.4"
1/25/2011,"60,506.8"
1/26/2011,"60,689.6"
1/27/2011,"60,873.2"
1/28/2011,"60,364.0"
1/31/2011,"60,922.6"
2/1/2011,"60,936.1"
2/2/2011,"61,000.6"
2/3/2011,"60,576.7"
2/4/2011,"61,781.2"
2/7/2011,"61,284.3"
2/8/2011,"61,759.7"
2/9/2011,"62,080.2"
2/10/2011,"61,884.1"
2/11/2011,"62,314.3"
2/14/2011,"62,107.5"
2/15/2011,"62,473.9"
2/16/2011,"62,405.6"
2/17/2011,"62,523.9"
2/18/2011,"62,541.1"
2/21/2011,"63,121.0"
2/22/2011,"63,416.3"
2/23/2011,"63,599.4"
2/24/2011,"64,188.0"
2/25/2011,"63,568.3"
2/28/2011,"63,868.9"
3/1/2011,"63,855.6"
3/2/2011,"64,518.5"
3/3/2011,"64,024.4"
3/4/2011,"64,193.6"
3/7/2011,"64,759.4"
3/8/2011,"64,295.3"
3/9/2011,"64,402.1"
3/10/2011,"63,843.6"
3/11/2011,"63,863.3"
3/14/2011,"64,093.7"
3/15/2011,"63,365.6"
3/16/2011,"63,251.2"
3/17/2011,"63,421.4"
3/18/2011,"64,070.4"
3/21/2011,"64,454.3"
3/22/2011,"64,120.1"
3/23/2011,"64,561.6"
3/24/2011,"64,753.3"
3/25/2011,"64,146.1"
3/28/2011,"63,531.2"
3/29/2011,"63,440.2"
3/30/2011,"63,791.1"
3/31/2011,"64,172.2"
4/1/2011,"63,235.7"
4/4/2011,"64,016.1"
4/5/2011,"63,683.2"
4/6/2011,"64,547.1"
4/7/2011,"64,517.2"
4/8/2011,"64,760.9"
4/11/2011,"65,164.5"
4/12/2011,"64,387.7"
4/13/2011,"64,866.0"
4/14/2011,"65,233.2"
4/15/2011,"65,464.3"
4/18/2011,"66,371.3"
4/19/2011,"66,304.9"
4/20/2011,"66,531.8"
4/21/2011,"66,747.5"
4/22/2011,"66,747.5"
4/25/2011,"66,905.4"
4/26/2011,"66,661.2"
4/27/2011,"67,141.3"
4/28/2011,"68,229.9"
4/29/2011,"67,892.1"
5/2/2011,"68,076.4"
5/3/2011,"68,560.4"
5/4/2011,"68,520.6"
5/5/2011,"67,639.9"
5/6/2011,"66,580.3"
5/9/2011,"67,124.4"
5/10/2011,"67,736.7"
5/11/2011,"67,385.0"
5/12/2011,"67,008.9"
5/13/2011,"67,555.5"
5/16/2011,"67,766.4"
5/17/2011,"66,761.7"
5/18/2011,"67,439.8"
5/19/2011,"67,147.7"
5/20/2011,"67,068.8"
5/23/2011,"68,319.9"
5/24/2011,"69,043.3"
5/25/2011,"69,200.2"
5/26/2011,"68,795.6"
5/27/2011,"69,237.9"
5/30/2011,"69,100.0"
5/31/2011,"69,211.6"
6/1/2011,"68,781.0"
6/2/2011,"69,008.1"
6/3/2011,"68,999.7"
6/6/2011,"69,325.5"
6/7/2011,"69,022.9"
6/8/2011,"68,752.8"
6/9/2011,"68,791.2"
6/10/2011,"68,395.7"
6/13/2011,"68,475.2"
6/14/2011,"67,835.3"
6/15/2011,"68,496.5"
6/16/2011,"68,401.5"
6/17/2011,"68,979.9"
6/20/2011,"69,480.0"
6/21/2011,"69,284.0"
6/22/2011,"69,687.8"
6/23/2011,"68,466.4"
6/24/2011,"68,156.2"
6/27/2011,"67,462.4"
6/28/2011,"67,515.0"
6/29/2011,"67,480.6"
6/30/2011,"67,299.6"
7/1/2011,"66,115.8"
7/4/2011,"66,422.8"
7/5/2011,"67,036.4"
7/6/2011,"67,932.1"
7/7/2011,"67,866.8"
7/8/2011,"68,334.7"
7/11/2011,"69,196.4"
7/12/2011,"69,315.1"
7/13/2011,"70,305.0"
7/14/2011,"70,777.3"
7/15/2011,"70,645.3"
7/18/2011,"71,267.4"
7/19/2011,"71,236.5"
7/20/2011,"70,497.7"
7/21/2011,"71,252.5"
7/22/2011,"71,056.7"
7/25/2011,"71,639.4"
7/26/2011,"71,251.3"
7/27/2011,"71,638.1"
7/28/2011,"71,123.1"
7/29/2011,"71,963.4"
8/1/2011,"71,541.8"
8/2/2011,"72,511.4"
8/3/2011,"73,972.8"
8/4/2011,"74,813.3"
8/5/2011,"74,204.2"
8/8/2011,"76,134.2"
8/9/2011,"78,484.6"
8/10/2011,"80,191.8"
8/11/2011,"79,930.4"
8/12/2011,"78,718.9"
8/15/2011,"78,854.9"
8/16/2011,"80,898.8"
8/17/2011,"81,283.9"
8/18/2011,"83,438.9"
8/19/2011,"84,536.8"
8/22/2011,"85,736.0"
8/23/2011,"85,601.9"
8/24/2011,"81,437.7"
8/25/2011,"79,611.8"
8/26/2011,"82,534.1"
8/29/2011,"82,337.4"
8/30/2011,"84,041.2"
8/31/2011,"83,511.7"
9/1/2011,"83,857.0"
9/2/2011,"85,858.3"
9/5/2011,"87,155.8"
9/6/2011,"87,378.4"
9/7/2011,"83,558.6"
9/8/2011,"85,682.4"
9/9/2011,"86,187.2"
9/12/2011,"86,601.5"
9/13/2011,"86,622.9"
9/14/2011,"86,633.3"
9/15/2011,"84,751.9"
9/16/2011,"84,793.4"
9/19/2011,"85,771.1"
9/20/2011,"86,450.9"
9/21/2011,"86,655.7"
9/22/2011,"85,368.1"
9/23/2011,"83,495.7"
9/26/2011,"79,021.1"
9/27/2011,"81,407.1"
9/28/2011,"80,104.5"
9/29/2011,"78,996.7"
9/30/2011,"79,339.5"
10/3/2011,"81,376.1"
10/4/2011,"80,925.4"
10/5/2011,"79,790.8"
10/6/2011,"80,679.1"
10/7/2011,"81,204.1"
10/10/2011,"81,347.5"
10/11/2011,"82,052.4"
10/12/2011,"82,342.3"
10/13/2011,"81,351.0"
10/14/2011,"82,247.2"
10/17/2011,"82,342.3"
10/18/2011,"80,400.1"
10/19/2011,"81,236.9"
10/20/2011,"80,688.1"
10/21/2011,"82,166.1"
10/24/2011,"82,310.9"
10/25/2011,"81,980.3"
10/26/2011,"84,901.1"
10/27/2011,"85,049.6"
10/28/2011,"84,882.4"
10/31/2011,"83,852.8"
11/1/2011,"83,718.2"
11/2/2011,"85,729.5"
11/3/2011,"86,396.9"
11/4/2011,"85,884.6"
11/7/2011,"87,505.1"
11/8/2011,"88,816.6"
11/9/2011,"89,521.1"
11/10/2011,"88,116.1"
11/11/2011,"88,871.6"
11/14/2011,"89,315.0"
11/15/2011,"90,437.0"
11/16/2011,"89,108.2"
11/17/2011,"88,710.7"
11/18/2011,"88,253.5"
11/21/2011,"88,776.3"
11/22/2011,"88,853.4"
11/23/2011,"88,025.6"
11/24/2011,"88,128.5"
11/25/2011,"88,198.8"
11/28/2011,"89,059.4"
11/29/2011,"89,326.9"
11/30/2011,"91,149.9"
12/1/2011,"90,166.7"
12/2/2011,"89,448.6"
12/5/2011,"89,663.4"
12/6/2011,"87,812.5"
12/7/2011,"89,760.0"
12/8/2011,"88,759.8"
12/9/2011,"88,927.8"
12/12/2011,"87,696.3"
12/13/2011,"89,018.8"
12/14/2011,"86,097.1"
12/15/2011,"84,437.2"
12/16/2011,"84,019.7"
12/19/2011,"84,358.4"
12/20/2011,"85,313.8"
12/21/2011,"84,436.1"
12/22/2011,"84,702.7"
12/23/2011,"85,086.3"
12/26/2011,"85,086.3"
12/27/2011,"85,192.7"
12/28/2011,"83,239.4"
12/29/2011,"81,227.2"
12/30/2011,"81,303.8"
1/2/2012,"81,303.8"
1/3/2012,"85,037.6"
1/4/2012,"85,416.4"
1/5/2012,"84,723.0"
1/6/2012,"85,221.9"
1/9/2012,"84,795.6"
1/10/2012,"84,641.1"
1/11/2012,"84,838.7"
1/12/2012,"85,715.9"
1/13/2012,"84,285.5"
1/16/2012,"84,290.0"
1/17/2012,"84,017.1"
1/18/2012,"82,975.8"
1/19/2012,"83,172.0"
1/20/2012,"83,187.2"
1/23/2012,"83,938.3"
1/24/2012,"83,399.9"
1/25/2012,"82,689.7"
1/26/2012,"86,548.6"
1/27/2012,"85,109.1"
1/30/2012,"86,095.6"
1/31/2012,"86,232.1"
2/1/2012,"85,729.8"
2/2/2012,"86,070.4"
2/3/2012,"84,428.4"
2/6/2012,"84,334.1"
2/7/2012,"84,829.4"
2/8/2012,"85,824.6"
2/9/2012,"86,530.4"
2/10/2012,"84,556.7"
2/13/2012,"84,615.4"
2/14/2012,"85,006.5"
2/15/2012,"85,419.6"
2/16/2012,"84,433.8"
2/17/2012,"84,900.8"
2/20/2012,"85,393.6"
2/21/2012,"86,193.9"
2/22/2012,"86,242.2"
2/23/2012,"87,419.5"
2/24/2012,"86,982.0"
2/27/2012,"87,226.7"
2/28/2012,"87,402.6"
2/29/2012,"86,747.7"
3/1/2012,"84,354.5"
3/2/2012,"84,505.0"
3/5/2012,"84,977.2"
3/6/2012,"84,059.2"
3/7/2012,"84,353.1"
3/8/2012,"84,981.6"
3/9/2012,"84,113.4"
3/12/2012,"84,832.6"
3/13/2012,"84,373.2"
3/14/2012,"82,072.7"
3/15/2012,"83,034.5"
3/16/2012,"83,206.7"
3/19/2012,"83,465.4"
3/20/2012,"83,491.9"
3/21/2012,"83,559.2"
3/22/2012,"83,696.7"
3/23/2012,"85,155.2"
3/26/2012,"86,247.2"
3/27/2012,"85,894.4"
3/28/2012,"85,199.5"
3/29/2012,"85,087.8"
3/30/2012,"84,696.1"
4/2/2012,"85,460.2"
4/3/2012,"84,969.1"
4/4/2012,"82,792.6"
4/5/2012,"83,303.3"
4/6/2012,"83,303.3"
4/9/2012,"83,662.1"
4/10/2012,"84,444.0"
4/11/2012,"85,287.5"
4/12/2012,"85,886.0"
4/13/2012,"85,708.1"
4/16/2012,"85,418.8"
4/17/2012,"84,334.5"
4/18/2012,"85,035.9"
4/19/2012,"85,791.7"
4/20/2012,"85,513.9"
4/23/2012,"85,587.7"
4/24/2012,"87,044.1"
4/25/2012,"86,153.8"
4/26/2012,"86,866.6"
4/27/2012,"87,433.6"
4/30/2012,"87,020.9"
5/1/2012,"87,692.8"
5/2/2012,"87,319.3"
5/3/2012,"87,529.5"
5/4/2012,"88,047.5"
5/7/2012,"86,962.6"
5/8/2012,"85,293.1"
5/9/2012,"85,004.0"
5/10/2012,"85,335.9"
5/11/2012,"84,777.6"
5/14/2012,"83,917.4"
5/15/2012,"83,747.5"
5/16/2012,"84,373.9"
5/17/2012,"84,778.5"
5/18/2012,"86,588.0"
5/21/2012,"87,547.7"
5/22/2012,"87,733.8"
5/23/2012,"86,887.3"
5/24/2012,"87,490.9"
5/25/2012,"86,958.2"
5/28/2012,"86,886.4"
5/29/2012,"88,159.8"
5/30/2012,"86,432.5"
5/31/2012,"87,493.4"
6/1/2012,"89,759.3"
6/4/2012,"89,181.2"
6/5/2012,"89,365.9"
6/6/2012,"90,579.0"
6/7/2012,"88,506.6"
6/8/2012,"87,503.6"
6/11/2012,"88,327.8"
6/12/2012,"89,343.0"
6/13/2012,"90,011.8"
6/14/2012,"90,130.1"
6/15/2012,"90,597.1"
6/18/2012,"90,459.9"
6/19/2012,"91,019.9"
6/20/2012,"89,768.1"
6/21/2012,"89,165.5"
6/22/2012,"89,499.6"
6/25/2012,"89,639.1"
6/26/2012,"89,899.0"
6/27/2012,"89,982.6"
6/28/2012,"88,780.0"
6/29/2012,"89,252.2"
7/2/2012,"88,507.2"
7/3/2012,"88,396.4"
7/4/2012,"87,855.1"
7/5/2012,"88,436.5"
7/6/2012,"88,229.2"
7/9/2012,"88,569.8"
7/10/2012,"88,352.9"
7/11/2012,"87,393.4"
7/12/2012,"86,947.7"
7/13/2012,"88,015.8"
7/16/2012,"87,873.4"
7/17/2012,"87,418.6"
7/18/2012,"87,355.5"
7/19/2012,"87,365.5"
7/20/2012,"87,032.6"
7/23/2012,"87,920.2"
7/24/2012,"88,923.2"
7/25/2012,"89,920.2"
7/26/2012,"90,211.6"
7/27/2012,"89,554.0"
7/30/2012,"89,752.8"
7/31/2012,"90,207.5"
8/1/2012,"88,720.5"
8/2/2012,"89,176.5"
8/3/2012,"89,319.5"
8/6/2012,"89,290.6"
8/7/2012,"88,854.7"
8/8/2012,"89,188.5"
8/9/2012,"89,349.9"
8/10/2012,"89,543.5"
8/13/2012,"89,919.0"
8/14/2012,"89,074.6"
8/15/2012,"89,297.6"
8/16/2012,"89,715.6"
8/17/2012,"89,901.2"
8/20/2012,"89,915.1"
8/21/2012,"91,025.0"
8/22/2012,"91,098.2"
8/23/2012,"92,055.0"
8/24/2012,"92,476.8"
8/27/2012,"92,810.2"
8/28/2012,"92,953.5"
8/29/2012,"92,337.5"
8/30/2012,"92,348.7"
8/31/2012,"91,697.8"
9/3/2012,"93,937.4"
9/4/2012,"94,429.6"
9/5/2012,"94,403.4"
9/6/2012,"94,805.2"
9/7/2012,"95,765.8"
9/10/2012,"96,065.4"
9/11/2012,"96,172.5"
9/12/2012,"95,891.1"
9/13/2012,"96,039.4"
9/14/2012,"96,613.8"
9/17/2012,"95,270.2"
9/18/2012,"95,650.3"
9/19/2012,"95,501.7"
9/20/2012,"95,495.3"
9/21/2012,"95,497.5"
9/24/2012,"94,311.4"
9/25/2012,"94,695.5"
9/26/2012,"93,387.7"
9/27/2012,"93,835.7"
9/28/2012,"93,675.1"
10/1/2012,"94,040.9"
10/2/2012,"93,435.7"
10/3/2012,"92,712.4"
10/4/2012,"92,929.1"
10/5/2012,"92,562.8"
10/8/2012,"93,055.5"
10/9/2012,"93,711.5"
10/10/2012,"93,584.0"
10/11/2012,"93,173.2"
10/12/2012,"93,434.6"
10/15/2012,"92,055.7"
10/16/2012,"92,503.4"
10/17/2012,"92,495.9"
10/18/2012,"92,596.9"
10/19/2012,"93,511.4"
10/22/2012,"92,510.6"
10/23/2012,"92,060.3"
10/24/2012,"91,818.2"
10/25/2012,"92,079.4"
10/26/2012,"92,106.3"
10/29/2012,"92,169.5"
10/30/2012,"92,408.4"
10/31/2012,"92,473.6"
11/1/2012,"92,265.6"
11/2/2012,"90,577.2"
11/5/2012,"91,843.3"
11/6/2012,"92,049.6"
11/7/2012,"92,735.0"
11/8/2012,"93,585.1"
11/9/2012,"95,177.9"
11/12/2012,"95,386.7"
11/13/2012,"94,891.9"
11/14/2012,"94,864.5"
11/15/2012,"93,690.9"
11/16/2012,"94,396.7"
11/19/2012,"95,290.0"
11/20/2012,"95,438.3"
11/21/2012,"95,018.2"
11/22/2012,"95,594.5"
11/23/2012,"96,412.2"
11/26/2012,"97,581.6"
11/27/2012,"96,960.5"
11/28/2012,"94,836.7"
11/29/2012,"94,749.9"
11/30/2012,"93,885.8"
12/3/2012,"94,041.0"
12/4/2012,"92,765.1"
12/5/2012,"92,450.0"
12/6/2012,"91,650.4"
12/7/2012,"92,689.2"
12/10/2012,"93,356.9"
12/11/2012,"92,844.5"
12/12/2012,"93,098.0"
12/13/2012,"92,144.8"
12/14/2012,"92,530.4"
12/17/2012,"92,910.1"
12/18/2012,"93,000.6"
12/19/2012,"90,909.0"
12/20/2012,"90,554.7"
12/21/2012,"91,005.9"
12/24/2012,"90,774.7"
12/25/2012,"90,774.7"
12/26/2012,"90,593.0"
12/27/2012,"90,978.0"
12/28/2012,"90,847.6"
12/31/2012,"90,814.4"
1/1/2013,"90,814.4"
1/2/2013,"92,173.9"
1/3/2013,"91,658.7"
1/4/2013,"90,829.5"
1/7/2013,"90,908.3"
1/8/2013,"91,195.9"
1/9/2013,"90,935.9"
1/10/2013,"91,563.9"
1/11/2013,"90,814.4"
1/14/2013,"90,753.4"
1/15/2013,"91,755.3"
1/16/2013,"91,808.2"
1/17/2013,"90,935.7"
1/18/2013,"90,866.6"
1/21/2013,"90,897.2"
1/22/2013,"90,974.2"
1/23/2013,"90,741.1"
1/24/2013,"89,724.3"
1/25/2013,"89,133.7"
1/28/2013,"89,293.6"
1/29/2013,"89,404.8"
1/30/2013,"89,570.1"
1/31/2013,"88,548.0"
2/1/2013,"88,774.1"
2/4/2013,"88,722.8"
2/5/2013,"88,904.7"
2/6/2013,"89,120.3"
2/7/2013,"88,879.4"
2/8/2013,"89,326.4"
2/11/2013,"88,811.5"
2/12/2013,"88,849.7"
2/13/2013,"88,476.3"
2/14/2013,"88,711.2"
2/15/2013,"87,335.6"
2/18/2013,"87,423.5"
2/19/2013,"87,260.6"
2/20/2013,"85,914.0"
2/21/2013,"85,938.6"
2/22/2013,"85,446.3"
2/25/2013,"85,483.0"
2/26/2013,"86,133.5"
2/27/2013,"86,433.0"
2/28/2013,"86,422.3"
3/1/2013,"86,873.4"
3/4/2013,"86,387.0"
3/5/2013,"86,641.4"
3/6/2013,"86,223.7"
3/7/2013,"86,138.0"
3/8/2013,"85,912.7"
3/11/2013,"85,913.4"
3/12/2013,"86,586.1"
3/13/2013,"86,351.9"
3/14/2013,"86,135.7"
3/15/2013,"86,228.8"
3/18/2013,"86,931.3"
3/19/2013,"87,649.0"
3/20/2013,"87,327.4"
3/21/2013,"87,618.6"
3/22/2013,"87,357.1"
3/25/2013,"86,651.4"
3/26/2013,"86,899.2"
3/27/2013,"87,171.1"
3/28/2013,"86,864.9"
3/29/2013,"86,864.9"
4/1/2013,"86,864.9"
4/2/2013,"85,960.3"
4/3/2013,"85,721.5"
4/4/2013,"84,817.8"
4/5/2013,"85,981.3"
4/8/2013,"85,924.1"
4/9/2013,"86,165.2"
4/10/2013,"85,906.4"
4/11/2013,"85,361.0"
4/12/2013,"83,792.2"
4/15/2013,"76,201.9"
4/16/2013,"74,830.5"
4/17/2013,"75,390.7"
4/18/2013,"75,367.0"
4/19/2013,"76,002.4"
4/22/2013,"77,186.5"
4/23/2013,"76,561.7"
4/24/2013,"77,676.5"
4/25/2013,"78,629.7"
4/26/2013,"80,042.2"
4/29/2013,"79,626.5"
4/30/2013,"79,142.4"
5/1/2013,"78,374.7"
5/2/2013,"79,126.5"
5/3/2013,"79,280.7"
5/6/2013,"79,670.1"
5/7/2013,"78,126.7"
5/8/2013,"79,459.2"
5/9/2013,"79,474.1"
5/10/2013,"78,008.2"
5/13/2013,"78,405.1"
5/14/2013,"78,548.0"
5/15/2013,"77,380.8"
5/16/2013,"75,685.7"
5/17/2013,"75,110.2"
5/20/2013,"74,653.5"
5/21/2013,"75,229.1"
5/22/2013,"78,258.0"
5/23/2013,"76,811.0"
5/24/2013,"77,304.9"
5/27/2013,"77,242.3"
5/28/2013,"76,980.8"
5/29/2013,"77,675.8"
5/30/2013,"79,502.3"
5/31/2013,"78,768.3"
6/3/2013,"79,662.0"
6/4/2013,"78,994.8"
6/5/2013,"79,708.6"
6/6/2013,"79,646.0"
6/7/2013,"79,106.0"
6/10/2013,"80,104.0"
6/11/2013,"80,386.8"
6/12/2013,"79,881.5"
6/13/2013,"80,385.4"
6/14/2013,"80,073.4"
6/17/2013,"80,017.8"
6/18/2013,"80,317.1"
6/19/2013,"80,635.3"
6/20/2013,"77,226.9"
6/21/2013,"76,646.4"
6/24/2013,"76,918.7"
6/25/2013,"76,343.5"
6/26/2013,"74,873.5"
6/27/2013,"74,291.7"
6/28/2013,"70,834.6"
7/1/2013,"73,858.2"
7/2/2013,"74,739.8"
7/3/2013,"75,334.4"
7/4/2013,"75,248.9"
7/5/2013,"73,244.0"
7/8/2013,"75,183.5"
7/9/2013,"75,738.0"
7/10/2013,"75,334.9"
7/11/2013,"76,823.7"
7/12/2013,"76,689.0"
7/15/2013,"76,898.7"
7/16/2013,"76,476.2"
7/17/2013,"77,173.4"
7/18/2013,"76,488.1"
7/19/2013,"77,272.0"
7/22/2013,"79,042.7"
7/23/2013,"79,696.6"
7/24/2013,"78,885.2"
7/25/2013,"78,393.1"
7/26/2013,"78,502.4"
7/29/2013,"78,943.9"
7/30/2013,"79,929.0"
7/31/2013,"79,928.2"
8/1/2013,"79,248.5"
8/2/2013,"79,746.4"
8/5/2013,"79,426.7"
8/6/2013,"78,683.5"
8/7/2013,"78,495.4"
8/8/2013,"79,018.0"
8/9/2013,"79,672.3"
8/12/2013,"81,995.4"
8/13/2013,"81,151.4"
8/14/2013,"81,480.3"
8/15/2013,"81,679.9"
8/16/2013,"84,496.4"
8/19/2013,"85,919.9"
8/20/2013,"87,229.2"
8/21/2013,"87,627.3"
8/22/2013,"89,049.9"
8/23/2013,"88,173.8"
8/26/2013,"88,828.1"
8/27/2013,"93,620.8"
8/28/2013,"96,731.8"
8/29/2013,"94,023.6"
8/30/2013,"92,151.1"
9/2/2013,"92,034.7"
9/3/2013,"95,124.0"
9/4/2013,"93,053.5"
9/5/2013,"91,638.5"
9/6/2013,"90,578.0"
9/9/2013,"90,773.9"
9/10/2013,"86,870.3"
9/11/2013,"86,332.2"
9/12/2013,"84,553.8"
9/13/2013,"83,583.0"
9/16/2013,"83,193.5"
9/17/2013,"82,973.6"
9/18/2013,"82,307.8"
9/19/2013,"84,572.2"
9/20/2013,"84,105.5"
9/23/2013,"82,680.9"
9/24/2013,"82,449.5"
9/25/2013,"82,480.1"
9/26/2013,"82,732.6"
9/27/2013,"83,752.1"
9/30/2013,"83,045.5"
10/1/2013,"80,588.0"
10/2/2013,"81,555.7"
10/3/2013,"81,282.7"
10/4/2013,"80,798.5"
10/7/2013,"81,851.8"
10/8/2013,"82,249.5"
10/9/2013,"80,730.6"
10/10/2013,"79,974.6"
10/11/2013,"77,366.3"
10/14/2013,"79,026.1"
10/15/2013,"78,596.3"
10/16/2013,"78,781.9"
10/17/2013,"80,850.2"
10/18/2013,"80,629.0"
10/21/2013,"81,026.3"
10/22/2013,"82,192.8"
10/23/2013,"82,005.0"
10/24/2013,"82,591.2"
10/25/2013,"83,014.6"
10/28/2013,"83,708.3"
10/29/2013,"82,830.5"
10/30/2013,"83,039.4"
10/31/2013,"81,366.4"
11/1/2013,"80,815.9"
11/4/2013,"81,666.3"
11/5/2013,"80,621.4"
11/6/2013,"82,200.1"
11/7/2013,"81,820.8"
11/8/2013,"80,639.4"
11/11/2013,"81,150.2"
11/12/2013,"81,535.5"
11/13/2013,"80,784.6"
11/14/2013,"81,352.4"
11/15/2013,"81,431.4"
11/18/2013,"80,148.2"
11/19/2013,"79,469.7"
11/20/2013,"78,619.1"
11/21/2013,"78,000.7"
11/22/2013,"78,376.7"
11/25/2013,"77,644.0"
11/26/2013,"77,920.1"
11/27/2013,"77,496.3"
11/28/2013,"77,719.2"
11/29/2013,"78,300.0"
12/2/2013,"76,548.7"
12/3/2013,"75,904.7"
12/4/2013,"76,319.8"
12/5/2013,"75,526.1"
12/6/2013,"75,992.9"
12/9/2013,"75,583.8"
12/10/2013,"77,361.5"
12/11/2013,"77,258.8"
12/12/2013,"75,616.3"
12/13/2013,"76,587.3"
12/16/2013,"76,449.5"
12/17/2013,"76,331.5"
12/18/2013,"76,297.1"
12/19/2013,"74,313.5"
12/20/2013,"74,272.8"
12/23/2013,"74,308.0"
12/24/2013,"74,248.1"
12/25/2013,"74,248.1"
12/26/2013,"74,421.9"
12/27/2013,"75,207.9"
12/30/2013,"74,624.8"
12/31/2013,"74,504.3"
1/1/2014,"74,504.3"
1/2/2014,"76,201.1"
1/3/2014,"76,795.2"
1/6/2014,"77,697.4"
1/7/2014,"76,497.8"
1/8/2014,"75,909.6"
1/9/2014,"76,091.7"
1/10/2014,"77,075.1"
1/13/2014,"76,845.6"
1/14/2014,"77,061.1"
1/15/2014,"76,082.0"
1/16/2014,"76,426.7"
1/17/2014,"76,843.7"
1/20/2014,"77,341.6"
1/21/2014,"76,582.7"
1/22/2014,"76,749.6"
1/23/2014,"78,255.5"
1/24/2014,"79,174.8"
1/27/2014,"79,714.0"
1/28/2014,"78,397.1"
1/29/2014,"78,949.4"
1/30/2014,"77,873.7"
1/31/2014,"78,381.4"
2/3/2014,"79,117.9"
2/4/2014,"78,287.5"
2/5/2014,"78,450.1"
2/6/2014,"78,559.5"
2/7/2014,"78,526.8"
2/10/2014,"79,633.7"
2/11/2014,"79,830.1"
2/12/2014,"80,077.9"
2/13/2014,"80,825.0"
2/14/2014,"81,958.8"
2/17/2014,"82,218.7"
2/18/2014,"82,187.0"
2/19/2014,"82,171.4"
2/20/2014,"81,943.1"
2/21/2014,"82,140.7"
2/24/2014,"82,814.6"
2/25/2014,"82,997.9"
2/26/2014,"82,588.5"
2/27/2014,"82,619.5"
2/28/2014,"82,216.5"
3/3/2014,"83,709.5"
3/4/2014,"82,681.1"
3/5/2014,"82,486.2"
3/6/2014,"82,396.6"
3/7/2014,"81,577.1"
3/10/2014,"81,816.0"
3/11/2014,"82,006.8"
3/12/2014,"83,554.8"
3/13/2014,"83,685.4"
3/14/2014,"84,713.5"
3/17/2014,"84,315.9"
3/18/2014,"82,817.7"
3/19/2014,"81,624.7"
3/20/2014,"81,285.4"
3/21/2014,"81,549.4"
3/24/2014,"79,700.1"
3/25/2014,"79,440.5"
3/26/2014,"78,409.5"
3/27/2014,"78,038.6"
3/28/2014,"77,325.7"
3/31/2014,"77,146.5"
4/1/2014,"76,668.7"
4/2/2014,"77,268.1"
4/3/2014,"77,290.4"
4/4/2014,"78,075.0"
4/7/2014,"78,066.6"
4/8/2014,"78,697.7"
4/9/2014,"78,254.7"
4/10/2014,"79,388.5"
4/11/2014,"79,389.7"
4/14/2014,"79,856.5"
4/15/2014,"78,191.5"
4/16/2014,"78,552.0"
4/17/2014,"78,453.1"
4/18/2014,"78,453.1"
4/21/2014,"78,557.0"
4/22/2014,"78,343.8"
4/23/2014,"78,470.9"
4/24/2014,"78,852.5"
4/25/2014,"78,927.3"
4/28/2014,"78,660.9"
4/29/2014,"78,413.3"
4/30/2014,"77,715.9"
5/1/2014,"77,112.7"
5/2/2014,"77,144.1"
5/5/2014,"77,105.6"
5/6/2014,"78,469.7"
5/7/2014,"77,837.8"
5/8/2014,"77,226.4"
5/9/2014,"77,468.5"
5/12/2014,"77,749.7"
5/13/2014,"77,504.8"
5/14/2014,"78,027.8"
5/15/2014,"76,829.3"
5/16/2014,"76,237.2"
5/19/2014,"76,147.5"
5/20/2014,"76,123.6"
5/21/2014,"75,658.1"
5/22/2014,"75,968.7"
5/23/2014,"75,368.7"
5/26/2014,"75,914.4"
5/27/2014,"75,286.4"
5/28/2014,"74,388.6"
5/29/2014,"74,063.8"
5/30/2014,"73,892.0"
6/2/2014,"73,706.2"
6/3/2014,"73,766.5"
6/4/2014,"73,899.3"
6/5/2014,"74,285.8"
6/6/2014,"73,810.2"
6/9/2014,"74,150.8"
6/10/2014,"74,669.4"
6/11/2014,"74,817.7"
6/12/2014,"75,027.3"
6/13/2014,"76,029.9"
6/16/2014,"76,654.8"
6/17/2014,"76,208.4"
6/18/2014,"76,686.5"
6/19/2014,"77,728.7"
6/20/2014,"78,953.4"
6/23/2014,"79,066.1"
6/24/2014,"79,241.8"
6/25/2014,"79,235.4"
6/26/2014,"78,911.6"
6/27/2014,"79,162.0"
6/30/2014,"79,090.7"
7/1/2014,"79,762.8"
7/2/2014,"79,152.3"
7/3/2014,"78,819.4"
7/4/2014,"78,904.3"
7/7/2014,"78,817.8"
7/8/2014,"79,141.9"
7/9/2014,"79,080.6"
7/10/2014,"80,388.2"
7/11/2014,"80,186.8"
7/14/2014,"78,533.0"
7/15/2014,"78,776.8"
7/16/2014,"78,261.7"
7/17/2014,"78,319.3"
7/18/2014,"78,859.9"
7/21/2014,"79,096.6"
7/22/2014,"78,949.1"
7/23/2014,"78,596.1"
7/24/2014,"77,687.8"
7/25/2014,"77,833.9"
7/28/2014,"78,444.5"
7/29/2014,"78,128.8"
7/30/2014,"77,780.0"
7/31/2014,"77,786.5"
8/1/2014,"78,856.6"
8/4/2014,"78,714.0"
8/5/2014,"78,125.6"
8/6/2014,"80,277.9"
8/7/2014,"79,992.2"
8/8/2014,"80,254.9"
8/11/2014,"79,971.0"
8/12/2014,"80,405.5"
8/13/2014,"80,366.6"
8/14/2014,"79,880.5"
8/15/2014,"78,816.2"
8/18/2014,"78,861.8"
8/19/2014,"78,710.5"
8/20/2014,"78,509.4"
8/21/2014,"77,394.9"
8/22/2014,"77,305.6"
8/25/2014,"77,334.3"
8/26/2014,"77,783.7"
8/27/2014,"77,553.5"
8/28/2014,"78,398.6"
8/29/2014,"78,019.3"
9/1/2014,"77,839.7"
9/2/2014,"76,837.2"
9/3/2014,"76,531.1"
9/4/2014,"76,874.9"
9/5/2014,"76,477.5"
9/8/2014,"75,879.9"
9/9/2014,"76,041.9"
9/10/2014,"76,185.9"
9/11/2014,"75,536.3"
9/12/2014,"74,773.6"
9/15/2014,"75,406.5"
9/16/2014,"75,284.3"
9/17/2014,"75,280.1"
9/18/2014,"74,310.1"
9/19/2014,"74,237.0"
9/22/2014,"73,823.3"
9/23/2014,"74,535.9"
9/24/2014,"74,185.3"
9/25/2014,"74,503.0"
9/26/2014,"74,239.0"
9/29/2014,"74,993.2"
9/30/2014,"75,131.0"
10/1/2014,"74,966.8"
10/2/2014,"74,674.1"
10/3/2014,"73,641.9"
10/6/2014,"73,688.1"
10/7/2014,"74,394.3"
10/8/2014,"74,697.9"
10/9/2014,"74,860.9"
10/10/2014,"74,706.4"
10/13/2014,"75,202.5"
10/14/2014,"75,795.1"
10/15/2014,"75,963.9"
10/16/2014,"76,530.1"
10/17/2014,"75,844.7"
10/20/2014,"76,337.6"
10/21/2014,"76,699.7"
10/22/2014,"76,129.9"
10/23/2014,"75,456.6"
10/24/2014,"75,456.6"
10/27/2014,"75,371.5"
10/28/2014,"75,383.8"
10/29/2014,"75,025.0"
10/30/2014,"73,880.9"
10/31/2014,"71,484.9"
11/3/2014,"71,718.8"
11/4/2014,"71,642.1"
11/5/2014,"70,164.5"
11/6/2014,"70,348.8"
11/7/2014,"71,157.6"
11/10/2014,"71,431.0"
11/11/2014,"71,249.1"
11/12/2014,"71,613.8"
11/13/2014,"71,511.5"
11/14/2014,"72,204.7"
11/17/2014,"73,014.9"
11/18/2014,"73,643.4"
11/19/2014,"74,098.2"
11/20/2014,"73,736.9"
11/21/2014,"74,391.7"
11/24/2014,"74,183.6"
11/25/2014,"74,206.1"
11/26/2014,"74,098.3"
11/27/2014,"73,934.1"
11/28/2014,"73,395.5"
12/1/2014,"74,122.0"
12/2/2014,"73,988.4"
12/3/2014,"74,519.8"
12/4/2014,"74,855.2"
12/5/2014,"73,866.8"
12/8/2014,"73,816.9"
12/9/2014,"75,951.3"
12/10/2014,"76,247.2"
12/11/2014,"75,808.9"
12/12/2014,"75,813.0"
12/15/2014,"76,073.9"
12/16/2014,"76,322.7"
12/17/2014,"76,021.3"
12/18/2014,"75,734.8"
12/19/2014,"75,657.2"
12/22/2014,"75,605.5"
12/23/2014,"74,419.1"
12/24/2014,"74,701.3"
12/25/2014,"74,701.3"
12/26/2014,"74,830.6"
12/29/2014,"75,520.8"
12/30/2014,"76,442.3"
12/31/2014,"76,125.7"
1/1/2015,"76,125.7"
1/2/2015,"74,187.6"
1/5/2015,"76,014.0"
1/6/2015,"76,996.1"
1/7/2015,"76,570.2"
1/8/2015,"76,260.5"
1/9/2015,"75,969.3"
1/12/2015,"76,331.2"
1/13/2015,"76,519.3"
1/14/2015,"76,786.1"
1/15/2015,"78,051.7"
1/16/2015,"79,211.4"
1/19/2015,"78,647.7"
1/20/2015,"79,535.2"
1/21/2015,"79,699.0"
1/22/2015,"79,915.4"
1/23/2015,"79,672.4"
1/26/2015,"78,841.7"
1/27/2015,"79,133.2"
1/28/2015,"79,002.7"
1/29/2015,"78,427.8"
1/30/2015,"78,053.6"
2/2/2015,"78,723.2"
2/3/2015,"78,018.4"
2/4/2015,"78,412.3"
2/5/2015,"77,708.3"
2/6/2015,"76,603.8"
2/9/2015,"76,979.0"
2/10/2015,"76,643.9"
2/11/2015,"76,190.7"
2/12/2015,"76,106.7"
2/13/2015,"76,612.2"
2/16/2015,"76,477.8"
2/17/2015,"75,249.0"
2/18/2015,"75,176.0"
2/19/2015,"75,394.2"
2/20/2015,"75,165.2"
2/23/2015,"74,975.6"
2/24/2015,"74,274.9"
2/25/2015,"74,700.5"
2/26/2015,"74,609.4"
2/27/2015,"75,031.3"
3/2/2015,"75,117.4"
3/3/2015,"75,072.3"
3/4/2015,"74,560.9"
3/5/2015,"74,776.4"
3/6/2015,"73,143.4"
3/9/2015,"73,083.8"
3/10/2015,"72,827.1"
3/11/2015,"72,237.2"
3/12/2015,"72,070.3"
3/13/2015,"72,553.0"
3/16/2015,"72,320.6"
3/17/2015,"72,164.1"
3/18/2015,"71,949.8"
3/19/2015,"72,918.7"
3/20/2015,"73,890.5"
3/23/2015,"73,861.9"
3/24/2015,"74,141.1"
3/25/2015,"74,581.5"
3/26/2015,"75,491.6"
3/27/2015,"74,701.5"
3/30/2015,"74,277.5"
3/31/2015,"74,283.9"
4/1/2015,"74,909.7"
4/2/2015,"75,003.6"
4/3/2015,"75,003.6"
4/6/2015,"74,576.7"
4/7/2015,"75,451.4"
4/8/2015,"75,157.3"
4/9/2015,"74,358.4"
4/10/2015,"75,217.9"
4/13/2015,"74,925.2"
4/14/2015,"74,665.9"
4/15/2015,"74,478.7"
4/16/2015,"75,023.5"
4/17/2015,"75,022.8"
4/20/2015,"75,241.9"
4/21/2015,"75,148.5"
4/22/2015,"74,756.2"
4/23/2015,"74,963.1"
4/24/2015,"75,224.0"
4/27/2015,"76,218.0"
4/28/2015,"76,318.1"
4/29/2015,"76,550.9"
4/30/2015,"74,963.6"
5/1/2015,"74,690.5"
5/4/2015,"74,690.5"
5/5/2015,"75,967.6"
5/6/2015,"75,867.7"
5/7/2015,"76,270.7"
5/8/2015,"75,856.6"
5/11/2015,"76,028.7"
5/12/2015,"76,452.6"
5/13/2015,"77,465.9"
5/14/2015,"77,989.6"
5/15/2015,"77,532.3"
5/18/2015,"77,881.9"
5/19/2015,"77,344.8"
5/20/2015,"77,281.3"
5/21/2015,"76,704.3"
5/22/2015,"76,499.5"
5/25/2015,"76,499.5"
5/26/2015,"75,865.6"
5/27/2015,"75,965.5"
5/28/2015,"75,632.6"
5/29/2015,"76,090.2"
6/1/2015,"76,421.6"
6/2/2015,"76,199.0"
6/3/2015,"76,058.8"
6/4/2015,"75,281.6"
6/5/2015,"74,307.3"
6/8/2015,"75,207.2"
6/9/2015,"75,282.9"
6/10/2015,"75,867.9"
6/11/2015,"75,400.4"
6/12/2015,"75,850.0"
6/15/2015,"75,724.8"
6/16/2015,"75,711.7"
6/17/2015,"75,580.5"
6/18/2015,"76,681.0"
6/19/2015,"76,476.1"
6/22/2015,"75,317.8"
6/23/2015,"74,909.0"
6/24/2015,"74,691.6"
6/25/2015,"74,580.5"
6/26/2015,"74,449.7"
6/29/2015,"75,142.0"
6/30/2015,"74,569.3"
7/1/2015,"74,302.3"
7/2/2015,"74,016.7"
7/3/2015,"74,112.3"
7/6/2015,"74,001.6"
7/7/2015,"73,393.0"
7/8/2015,"73,674.8"
7/9/2015,"73,871.7"
7/10/2015,"73,476.4"
7/13/2015,"73,273.2"
7/14/2015,"73,431.2"
7/15/2015,"72,779.6"
7/16/2015,"72,702.3"
7/17/2015,"71,893.1"
7/20/2015,"70,269.1"
7/21/2015,"70,284.4"
7/22/2015,"69,225.4"
7/23/2015,"69,997.6"
7/24/2015,"69,171.2"
7/27/2015,"70,600.7"
7/28/2015,"70,107.5"
7/29/2015,"69,619.3"
7/30/2015,"69,616.3"
7/31/2015,"70,427.4"
8/3/2015,"69,921.2"
8/4/2015,"69,564.4"
8/5/2015,"69,180.5"
8/6/2015,"69,507.0"
8/7/2015,"69,803.6"
8/10/2015,"70,054.4"
8/11/2015,"71,205.1"
8/12/2015,"72,514.0"
8/13/2015,"72,756.3"
8/14/2015,"72,691.8"
8/17/2015,"73,068.8"
8/18/2015,"72,588.8"
8/19/2015,"73,374.3"
8/20/2015,"75,211.6"
8/21/2015,"76,180.1"
8/24/2015,"77,782.2"
8/25/2015,"74,991.1"
8/26/2015,"74,125.0"
8/27/2015,"73,851.2"
8/28/2015,"75,040.5"
8/31/2015,"75,449.1"
9/1/2015,"75,671.7"
9/2/2015,"75,316.2"
9/3/2015,"74,713.1"
9/4/2015,"74,352.4"
9/7/2015,"74,821.8"
9/8/2015,"74,606.9"
9/9/2015,"73,677.4"
9/10/2015,"73,726.3"
9/11/2015,"73,240.9"
9/14/2015,"73,284.1"
9/15/2015,"73,437.8"
9/16/2015,"74,246.4"
9/17/2015,"74,239.7"
9/18/2015,"75,070.8"
9/21/2015,"74,492.8"
9/22/2015,"74,004.7"
9/23/2015,"74,737.0"
9/24/2015,"76,485.6"
9/25/2015,"75,965.6"
9/28/2015,"74,700.2"
9/29/2015,"74,653.5"
9/30/2015,"73,123.0"
10/1/2015,"73,367.2"
10/2/2015,"74,793.3"
10/5/2015,"74,420.0"
10/6/2015,"75,040.8"
10/7/2015,"74,404.7"
10/8/2015,"74,208.3"
10/9/2015,"74,574.4"
10/12/2015,"75,465.1"
10/13/2015,"75,930.3"
10/14/2015,"76,341.6"
10/15/2015,"76,757.2"
10/16/2015,"76,575.2"
10/19/2015,"76,148.3"
10/20/2015,"76,577.3"
10/21/2015,"76,065.7"
10/22/2015,"76,059.2"
10/23/2015,"75,385.4"
10/26/2015,"75,740.2"
10/27/2015,"75,732.6"
10/28/2015,"76,626.8"
10/29/2015,"74,946.1"
10/30/2015,"74,646.8"
11/2/2015,"74,373.4"
11/3/2015,"73,731.5"
11/4/2015,"73,007.3"
11/5/2015,"72,728.1"
11/6/2015,"71,633.3"
11/9/2015,"72,344.0"
11/10/2015,"72,213.3"
11/11/2015,"72,133.6"
11/12/2015,"72,233.3"
11/13/2015,"71,552.0"
11/16/2015,"71,596.2"
11/17/2015,"71,286.5"
11/18/2015,"70,807.8"
11/19/2015,"71,668.1"
11/20/2015,"71,584.8"
11/23/2015,"71,148.1"
11/24/2015,"71,429.9"
11/25/2015,"70,872.5"
11/26/2015,"71,334.0"
11/27/2015,"70,566.9"
11/30/2015,"70,780.9"
12/1/2015,"70,902.4"
12/2/2015,"70,316.0"
12/3/2015,"70,356.3"
12/4/2015,"72,066.9"
12/7/2015,"71,790.8"
12/8/2015,"71,618.9"
12/9/2015,"72,332.4"
12/10/2015,"71,526.7"
12/11/2015,"71,718.1"
12/14/2015,"71,687.6"
12/15/2015,"71,072.7"
12/16/2015,"71,805.2"
12/17/2015,"69,740.5"
12/18/2015,"70,571.3"
12/21/2015,"71,556.2"
12/22/2015,"71,306.2"
12/23/2015,"70,734.2"
12/24/2015,"70,734.2"
12/25/2015,"70,734.2"
12/28/2015,"70,712.8"
12/29/2015,"71,060.0"
12/30/2015,"70,368.1"
12/31/2015,"70,125.6"
1/1/2016,"70,125.6"
1/4/2016,"72,061.6"
1/5/2016,"71,747.0"
1/6/2016,"72,908.2"
1/7/2016,"74,012.0"
1/8/2016,"73,464.5"
1/11/2016,"73,508.1"
1/12/2016,"72,586.1"
1/13/2016,"72,710.2"
1/14/2016,"73,178.6"
1/15/2016,"73,989.4"
1/18/2016,"73,722.5"
1/19/2016,"73,474.0"
1/20/2016,"74,902.5"
1/21/2016,"74,518.1"
1/22/2016,"74,161.3"
1/25/2016,"75,010.9"
1/26/2016,"75,485.4"
1/27/2016,"75,955.2"
1/28/2016,"75,991.5"
1/29/2016,"75,466.2"
2/1/2016,"76,427.4"
2/2/2016,"76,708.4"
2/3/2016,"77,111.8"
2/4/2016,"78,232.9"
2/5/2016,"77,867.2"
2/8/2016,"81,057.5"
2/9/2016,"80,946.3"
2/10/2016,"80,729.6"
2/11/2016,"84,782.0"
2/12/2016,"84,557.1"
2/15/2016,"82,199.9"
2/16/2016,"82,729.8"
2/17/2016,"82,782.1"
2/18/2016,"82,891.8"
2/19/2016,"84,333.8"
2/22/2016,"83,035.2"
2/23/2016,"83,717.4"
2/24/2016,"85,757.7"
2/25/2016,"84,944.1"
2/26/2016,"84,291.2"
2/29/2016,"84,498.0"
3/1/2016,"83,989.3"
3/2/2016,"83,763.7"
3/3/2016,"84,204.3"
3/4/2016,"85,803.3"
3/7/2016,"85,158.5"
3/8/2016,"85,376.8"
3/9/2016,"83,770.5"
3/10/2016,"84,906.2"
3/11/2016,"84,877.4"
3/14/2016,"83,397.8"
3/15/2016,"83,021.4"
3/16/2016,"82,598.2"
3/17/2016,"84,462.9"
3/18/2016,"83,324.1"
3/21/2016,"82,760.9"
3/22/2016,"83,585.6"
3/23/2016,"81,207.8"
3/24/2016,"81,434.6"
3/25/2016,"81,434.6"
3/28/2016,"81,294.2"
3/29/2016,"81,519.8"
3/30/2016,"82,059.2"
3/31/2016,"81,917.2"
4/1/2016,"80,367.6"
4/4/2016,"80,790.1"
4/5/2016,"81,859.6"
4/6/2016,"81,449.1"
4/7/2016,"82,636.9"
4/8/2016,"82,463.9"
4/11/2016,"83,375.0"
4/12/2016,"83,368.2"
4/13/2016,"82,973.2"
4/14/2016,"82,180.6"
4/15/2016,"81,731.0"
4/18/2016,"82,148.8"
4/19/2016,"83,553.1"
4/20/2016,"82,901.2"
4/21/2016,"82,906.5"
4/22/2016,"82,719.6"
4/25/2016,"82,603.6"
4/26/2016,"82,604.1"
4/27/2016,"82,895.9"
4/28/2016,"83,555.4"
4/29/2016,"85,277.1"
5/2/2016,"85,386.4"
5/3/2016,"85,992.8"
5/4/2016,"85,460.6"
5/5/2016,"85,191.0"
5/6/2016,"85,828.1"
5/9/2016,"84,180.2"
5/10/2016,"84,146.7"
5/11/2016,"85,044.6"
5/12/2016,"85,255.6"
5/13/2016,"84,521.0"
5/16/2016,"85,905.8"
5/17/2016,"85,335.5"
5/18/2016,"85,258.8"
5/19/2016,"83,966.1"
5/20/2016,"84,627.1"
5/23/2016,"84,054.6"
5/24/2016,"83,697.6"
5/25/2016,"82,247.1"
5/26/2016,"82,175.4"
5/27/2016,"81,534.4"
5/30/2016,"81,750.2"
5/31/2016,"81,556.1"
6/1/2016,"81,884.6"
6/2/2016,"81,590.0"
6/3/2016,"83,504.2"
6/6/2016,"83,397.8"
6/7/2016,"82,842.9"
6/8/2016,"84,193.2"
6/9/2016,"84,371.6"
6/10/2016,"85,193.8"
6/13/2016,"85,948.1"
6/14/2016,"86,567.3"
6/15/2016,"86,141.5"
6/16/2016,"88,180.7"
6/17/2016,"86,593.1"
6/20/2016,"86,367.7"
6/21/2016,"85,925.9"
6/22/2016,"85,317.3"
6/23/2016,"84,911.1"
6/24/2016,"89,302.7"
6/27/2016,"90,033.0"
6/28/2016,"88,974.5"
6/29/2016,"89,458.9"
6/30/2016,"89,144.0"
7/1/2016,"90,242.3"
7/4/2016,"90,875.1"
7/5/2016,"91,145.2"
7/6/2016,"92,191.1"
7/7/2016,"91,428.0"
7/8/2016,"91,222.3"
7/11/2016,"91,158.1"
7/12/2016,"90,148.9"
7/13/2016,"90,024.7"
7/14/2016,"88,575.3"
7/15/2016,"88,988.6"
7/18/2016,"89,678.5"
7/19/2016,"89,369.9"
7/20/2016,"88,428.5"
7/21/2016,"88,781.3"
7/22/2016,"88,632.2"
7/25/2016,"88,398.0"
7/26/2016,"88,991.6"
7/27/2016,"89,249.0"
7/28/2016,"90,001.2"
7/29/2016,"89,893.9"
8/1/2016,"90,109.4"
8/2/2016,"91,023.5"
8/3/2016,"91,008.9"
8/4/2016,"91,229.3"
8/5/2016,"89,503.5"
8/8/2016,"89,336.6"
8/9/2016,"89,677.7"
8/10/2016,"89,881.5"
8/11/2016,"90,547.9"
8/12/2016,"90,401.3"
8/15/2016,"89,545.6"
8/16/2016,"89,738.9"
8/17/2016,"89,695.5"
8/18/2016,"90,203.6"
8/19/2016,"90,259.3"
8/22/2016,"89,755.8"
8/23/2016,"89,987.8"
8/24/2016,"89,078.4"
8/25/2016,"88,576.6"
8/26/2016,"88,428.8"
8/29/2016,"88,613.4"
8/30/2016,"88,390.2"
8/31/2016,"87,680.5"
9/1/2016,"87,730.0"
9/2/2016,"88,559.5"
9/5/2016,"88,669.8"
9/6/2016,"88,977.3"
9/7/2016,"89,500.1"
9/8/2016,"89,221.9"
9/9/2016,"88,822.6"
9/12/2016,"88,622.4"
9/13/2016,"88,558.8"
9/14/2016,"88,403.6"
9/15/2016,"87,790.8"
9/16/2016,"87,672.5"
9/19/2016,"88,062.1"
9/20/2016,"88,054.1"
9/21/2016,"88,868.6"
9/22/2016,"89,338.0"
9/23/2016,"89,221.0"
9/26/2016,"89,344.3"
9/27/2016,"88,205.7"
9/28/2016,"87,900.0"
9/29/2016,"88,157.8"
9/30/2016,"88,052.0"
10/3/2016,"87,383.7"
10/4/2016,"85,371.5"
10/5/2016,"84,472.2"
10/6/2016,"83,656.3"
10/7/2016,"83,991.7"
10/10/2016,"83,835.8"
10/11/2016,"83,433.1"
10/12/2016,"83,636.1"
10/13/2016,"84,383.1"
10/14/2016,"83,516.7"
10/17/2016,"83,880.2"
10/18/2016,"83,916.9"
10/19/2016,"84,640.9"
10/20/2016,"84,971.6"
10/21/2016,"84,669.0"
10/24/2016,"84,575.4"
10/25/2016,"84,856.2"
10/26/2016,"84,893.5"
10/27/2016,"84,655.1"
10/28/2016,"85,019.2"
10/31/2016,"84,952.4"
11/1/2016,"85,987.9"
11/2/2016,"87,048.4"
11/3/2016,"86,835.2"
11/4/2016,"86,957.3"
11/7/2016,"85,624.3"
11/8/2016,"85,436.6"
11/9/2016,"85,181.1"
11/10/2016,"84,401.5"
11/11/2016,"83,021.4"
11/14/2016,"81,487.2"
11/15/2016,"83,072.2"
11/16/2016,"83,395.1"
11/17/2016,"83,173.6"
11/18/2016,"82,535.7"
11/21/2016,"82,710.4"
11/22/2016,"82,657.3"
11/23/2016,"81,204.2"
11/24/2016,"81,538.4"
11/25/2016,"81,308.4"
11/28/2016,"81,600.3"
11/29/2016,"81,495.5"
11/30/2016,"80,639.7"
12/1/2016,"79,437.1"
12/2/2016,"80,079.6"
12/5/2016,"79,327.7"
12/6/2016,"79,636.7"
12/7/2016,"79,765.2"
12/8/2016,"78,858.5"
12/9/2016,"78,486.3"
12/12/2016,"77,980.4"
12/13/2016,"78,235.7"
12/14/2016,"78,492.5"
12/15/2016,"76,466.6"
12/16/2016,"76,671.5"
12/19/2016,"77,062.2"
12/20/2016,"76,580.2"
12/21/2016,"76,955.0"
12/22/2016,"76,954.4"
12/23/2016,"76,730.4"
12/26/2016,"76,730.4"
12/27/2016,"76,991.2"
12/28/2016,"77,351.3"
12/29/2016,"78,047.2"
12/30/2016,"77,772.2"
1/2/2017,"77,772.2"
1/3/2017,"78,647.8"
1/4/2017,"79,294.2"
1/5/2017,"79,984.4"
1/6/2017,"79,928.3"
1/9/2017,"80,410.8"
1/10/2017,"81,058.5"
1/11/2017,"80,527.4"
1/12/2017,"82,033.8"
1/13/2017,"81,187.8"
1/16/2017,"81,954.4"
1/17/2017,"82,673.1"
1/18/2017,"82,671.6"
1/19/2017,"81,525.7"
1/20/2017,"81,835.5"
1/23/2017,"82,692.1"
1/24/2017,"82,938.6"
1/25/2017,"81,351.4"
1/26/2017,"80,990.6"
1/27/2017,"80,648.6"
1/30/2017,"81,080.6"
1/31/2017,"82,282.4"
2/1/2017,"81,291.5"
2/2/2017,"82,371.6"
2/3/2017,"81,789.0"
2/6/2017,"82,442.2"
2/7/2017,"82,938.6"
2/8/2017,"83,515.7"
2/9/2017,"82,766.6"
2/10/2017,"82,090.3"
2/13/2017,"81,884.6"
2/14/2017,"82,392.6"
2/15/2017,"81,906.2"
2/16/2017,"83,172.7"
2/17/2017,"83,226.2"
2/20/2017,"82,793.9"
2/21/2017,"82,519.6"
2/22/2017,"82,827.7"
2/23/2017,"83,397.1"
2/24/2017,"83,781.4"
2/27/2017,"83,933.8"
2/28/2017,"83,772.1"
3/1/2017,"82,889.7"
3/2/2017,"82,575.1"
3/3/2017,"81,945.5"
3/6/2017,"82,129.0"
3/7/2017,"81,120.1"
3/8/2017,"80,665.7"
3/9/2017,"80,537.2"
3/10/2017,"80,061.9"
3/13/2017,"80,165.1"
3/14/2017,"79,410.2"
3/15/2017,"78,755.1"
3/16/2017,"80,479.4"
3/17/2017,"80,520.3"
3/20/2017,"80,537.3"
3/21/2017,"81,002.0"
3/22/2017,"81,748.7"
3/23/2017,"81,767.4"
3/24/2017,"81,600.5"
3/27/2017,"81,860.2"
3/28/2017,"81,840.7"
3/29/2017,"81,218.3"
3/30/2017,"81,078.3"
3/31/2017,"80,834.3"
4/3/2017,"81,121.1"
4/4/2017,"81,797.5"
4/5/2017,"80,871.1"
4/6/2017,"80,961.6"
4/7/2017,"81,325.1"
4/10/2017,"80,684.5"
4/11/2017,"80,780.7"
4/12/2017,"82,440.8"
4/13/2017,"82,718.5"
4/14/2017,"82,718.5"
4/17/2017,"82,744.2"
4/18/2017,"82,594.6"
4/19/2017,"82,594.6"
4/20/2017,"82,826.9"
4/21/2017,"82,791.5"
4/24/2017,"81,804.9"
4/25/2017,"81,494.2"
4/26/2017,"80,890.9"
4/27/2017,"80,994.4"
4/28/2017,"81,470.7"
5/1/2017,"81,470.7"
5/2/2017,"80,625.0"
5/3/2017,"80,195.8"
5/4/2017,"78,835.8"
5/5/2017,"79,031.1"
5/8/2017,"79,066.9"
5/9/2017,"78,923.3"
5/10/2017,"79,088.2"
5/11/2017,"78,752.5"
5/12/2017,"79,218.6"
5/15/2017,"79,082.3"
5/16/2017,"79,096.8"
5/17/2017,"80,655.9"
5/18/2017,"81,442.0"
5/19/2017,"80,954.3"
5/22/2017,"81,249.3"
5/23/2017,"81,688.7"
5/24/2017,"81,129.5"
5/25/2017,"81,224.1"
5/26/2017,"81,507.2"
5/29/2017,"81,583.1"
5/30/2017,"81,617.8"
5/31/2017,"81,695.2"
6/1/2017,"81,636.6"
6/2/2017,"82,186.5"
6/5/2017,"82,375.7"
6/6/2017,"83,343.4"
6/7/2017,"83,029.0"
6/8/2017,"81,879.3"
6/9/2017,"81,391.7"
6/12/2017,"81,621.0"
6/13/2017,"81,241.3"
6/14/2017,"81,992.0"
6/15/2017,"80,840.1"
6/16/2017,"80,876.0"
6/19/2017,"80,387.1"
6/20/2017,"80,080.0"
6/21/2017,"80,152.4"
6/22/2017,"80,743.8"
6/23/2017,"81,005.2"
6/26/2017,"80,331.1"
6/27/2017,"80,591.3"
6/28/2017,"80,591.2"
6/29/2017,"80,315.5"
6/30/2017,"80,295.9"
7/3/2017,"79,727.6"
7/4/2017,"79,190.4"
7/5/2017,"79,063.2"
7/6/2017,"79,329.1"
7/7/2017,"78,532.5"
7/10/2017,"78,208.4"
7/11/2017,"78,203.5"
7/12/2017,"78,682.7"
7/13/2017,"78,542.9"
7/14/2017,"79,306.7"
7/17/2017,"79,439.0"
7/18/2017,"79,823.6"
7/19/2017,"79,901.3"
7/20/2017,"79,816.2"
7/21/2017,"80,317.6"
7/24/2017,"80,769.5"
7/25/2017,"80,763.0"
7/26/2017,"80,330.8"
7/27/2017,"80,842.8"
7/28/2017,"81,167.0"
7/31/2017,"81,314.9"
8/1/2017,"81,431.3"
8/2/2017,"80,777.7"
8/3/2017,"80,744.7"
8/4/2017,"80,027.4"
8/7/2017,"80,287.1"
8/8/2017,"80,300.9"
8/9/2017,"81,143.8"
8/10/2017,"82,272.2"
8/11/2017,"82,479.2"
8/14/2017,"82,217.9"
8/15/2017,"81,448.4"
8/16/2017,"81,658.0"
8/17/2017,"82,453.6"
8/18/2017,"83,089.9"
8/21/2017,"82,897.5"
8/22/2017,"82,357.3"
8/23/2017,"82,500.0"
8/24/2017,"82,544.3"
8/25/2017,"82,307.4"
8/28/2017,"82,133.9"
8/29/2017,"84,420.0"
8/30/2017,"83,698.2"
8/31/2017,"83,855.2"
9/1/2017,"84,535.1"
9/4/2017,"85,400.0"
9/5/2017,"85,633.8"
9/6/2017,"85,782.9"
9/7/2017,"86,041.1"
9/8/2017,"85,937.9"
9/11/2017,"85,275.4"
9/12/2017,"84,942.1"
9/13/2017,"84,961.5"
9/14/2017,"84,887.1"
9/15/2017,"84,819.5"
9/18/2017,"84,135.1"
9/19/2017,"84,215.5"
9/20/2017,"84,283.8"
9/21/2017,"83,728.1"
9/22/2017,"83,890.1"
9/25/2017,"84,232.6"
9/26/2017,"85,003.8"
9/27/2017,"84,258.7"
9/28/2017,"84,094.7"
9/29/2017,"83,812.1"
10/2/2017,"83,198.1"
10/3/2017,"83,244.6"
10/4/2017,"82,807.1"
10/5/2017,"82,941.3"
10/6/2017,"82,442.2"
10/9/2017,"83,599.9"
10/10/2017,"84,270.3"
10/11/2017,"84,004.3"
10/12/2017,"83,982.6"
10/13/2017,"84,360.6"
10/16/2017,"84,385.4"
10/17/2017,"83,425.2"
10/18/2017,"83,358.6"
10/19/2017,"83,762.3"
10/20/2017,"83,423.7"
10/23/2017,"82,873.3"
10/24/2017,"83,059.4"
10/25/2017,"82,816.0"
10/26/2017,"82,570.5"
10/27/2017,"82,355.7"
10/30/2017,"82,486.0"
10/31/2017,"82,269.2"
11/1/2017,"82,486.5"
11/2/2017,"82,711.5"
11/3/2017,"81,843.7"
11/6/2017,"82,228.8"
11/7/2017,"82,931.5"
11/8/2017,"83,418.3"
11/9/2017,"83,467.0"
11/10/2017,"83,659.3"
11/13/2017,"83,603.5"
11/14/2017,"83,365.2"
11/15/2017,"83,647.5"
11/16/2017,"83,544.0"
11/17/2017,"83,563.0"
11/20/2017,"83,725.2"
11/21/2017,"83,303.8"
11/22/2017,"83,572.9"
11/23/2017,"83,419.5"
11/24/2017,"83,484.0"
11/27/2017,"83,598.7"
11/28/2017,"83,230.6"
11/29/2017,"82,633.4"
11/30/2017,"82,547.3"
12/1/2017,"82,244.2"
12/4/2017,"82,005.4"
12/5/2017,"81,541.8"
12/6/2017,"81,539.5"
12/7/2017,"81,046.3"
12/8/2017,"80,624.7"
12/11/2017,"80,269.7"
12/12/2017,"79,926.4"
12/13/2017,"80,088.8"
12/14/2017,"80,492.5"
12/15/2017,"80,429.3"
12/18/2017,"80,924.2"
12/19/2017,"80,755.3"
12/20/2017,"81,041.8"
12/21/2017,"81,027.6"
12/22/2017,"81,022.9"
12/25/2017,"81,022.9"
12/26/2017,"81,070.3"
12/27/2017,"82,087.9"
12/28/2017,"82,761.2"
12/29/2017,"82,401.3"
1/1/2018,"82,401.3"
1/2/2018,"83,245.3"
1/3/2018,"83,548.7"
1/4/2018,"83,334.4"
1/5/2018,"83,462.8"
1/8/2018,"83,674.9"
1/9/2018,"83,495.9"
1/10/2018,"83,944.3"
1/11/2018,"84,228.7"
1/12/2018,"84,417.6"
1/15/2018,"84,983.8"
1/16/2018,"85,426.4"
1/17/2018,"85,296.3"
1/18/2018,"85,046.0"
1/19/2018,"85,149.8"
1/22/2018,"85,084.8"
1/23/2018,"85,064.2"
1/24/2018,"86,195.1"
1/25/2018,"86,151.1"
1/26/2018,"86,036.6"
1/29/2018,"85,386.5"
1/30/2018,"85,586.1"
1/31/2018,"85,550.2"
2/1/2018,"85,641.8"
2/2/2018,"85,285.1"
2/5/2018,"85,420.4"
2/6/2018,"85,474.2"
2/7/2018,"85,151.8"
2/8/2018,"84,537.4"
2/9/2018,"84,659.2"
2/12/2018,"85,055.3"
2/13/2018,"85,251.5"
2/14/2018,"85,615.2"
2/15/2018,"86,467.2"
2/16/2018,"86,777.8"
2/19/2018,"86,424.8"
2/20/2018,"86,812.2"
2/21/2018,"86,144.9"
2/22/2018,"86,356.0"
2/23/2018,"85,931.6"
2/26/2018,"86,284.1"
2/27/2018,"86,006.4"
2/28/2018,"85,853.0"
3/1/2018,"85,298.0"
3/2/2018,"86,247.0"
3/5/2018,"85,982.8"
3/6/2018,"86,647.5"
3/7/2018,"86,258.1"
3/8/2018,"85,980.6"
3/9/2018,"86,050.3"
3/12/2018,"85,781.3"
3/13/2018,"85,816.7"
3/14/2018,"85,825.6"
3/15/2018,"85,606.7"
3/16/2018,"85,130.3"
3/19/2018,"85,449.0"
3/20/2018,"85,478.5"
3/21/2018,"86,165.2"
3/22/2018,"86,560.9"
3/23/2018,"87,562.7"
3/26/2018,"87,739.5"
3/27/2018,"87,134.1"
3/28/2018,"86,904.6"
3/29/2018,"86,343.7"
3/30/2018,"86,343.7"
4/2/2018,"86,343.7"
4/3/2018,"86,712.9"
4/4/2018,"87,145.1"
4/5/2018,"86,303.8"
4/6/2018,"86,506.6"
4/9/2018,"86,585.1"
4/10/2018,"87,040.1"
4/11/2018,"88,091.9"
4/12/2018,"87,586.8"
4/13/2018,"87,632.8"
4/16/2018,"88,335.2"
4/17/2018,"88,129.0"
4/18/2018,"88,683.8"
4/19/2018,"88,667.1"
4/20/2018,"88,273.9"
4/23/2018,"88,008.0"
4/24/2018,"88,174.2"
4/25/2018,"88,375.4"
4/26/2018,"88,169.9"
4/27/2018,"88,196.9"
4/30/2018,"87,643.0"
5/1/2018,"87,235.8"
5/2/2018,"86,947.7"
5/3/2018,"87,595.5"
5/4/2018,"87,590.7"
5/7/2018,"87,954.0"
5/8/2018,"87,654.9"
5/9/2018,"88,404.0"
5/10/2018,"88,742.0"
5/11/2018,"89,118.8"
5/14/2018,"89,206.6"
5/15/2018,"88,050.3"
5/16/2018,"87,580.6"
5/17/2018,"87,292.7"
5/18/2018,"87,644.7"
5/21/2018,"87,765.6"
5/22/2018,"88,011.4"
5/23/2018,"88,167.6"
5/24/2018,"89,153.9"
5/25/2018,"88,369.2"
5/28/2018,"87,824.9"
5/29/2018,"87,962.8"
5/30/2018,"87,774.5"
5/31/2018,"88,088.3"
6/1/2018,"86,851.5"
6/4/2018,"86,986.2"
6/5/2018,"86,796.7"
6/6/2018,"87,067.7"
6/7/2018,"87,048.7"
6/8/2018,"87,865.6"
6/11/2018,"87,622.3"
6/12/2018,"87,639.4"
6/13/2018,"87,666.7"
6/14/2018,"88,160.3"
6/15/2018,"87,390.6"
6/18/2018,"87,196.6"
6/19/2018,"87,145.1"
6/20/2018,"86,753.9"
6/21/2018,"86,199.5"
6/22/2018,"86,102.3"
6/25/2018,"86,465.1"
6/26/2018,"85,924.1"
6/27/2018,"86,076.5"
6/28/2018,"86,017.5"
6/29/2018,"85,674.6"
7/2/2018,"85,772.2"
7/3/2018,"85,876.3"
7/4/2018,"86,319.7"
7/5/2018,"86,571.5"
7/6/2018,"86,494.2"
7/9/2018,"86,762.8"
7/10/2018,"86,306.6"
7/11/2018,"86,115.1"
7/12/2018,"85,394.0"
7/13/2018,"85,019.2"
7/16/2018,"85,187.5"
7/17/2018,"84,372.8"
7/18/2018,"84,042.0"
7/19/2018,"84,010.9"
7/20/2018,"84,679.3"
7/23/2018,"84,310.2"
7/24/2018,"84,587.2"
7/25/2018,"84,653.3"
7/26/2018,"84,359.3"
7/27/2018,"84,102.2"
7/30/2018,"84,027.7"
7/31/2018,"83,740.4"
8/1/2018,"83,448.2"
8/2/2018,"83,452.8"
8/3/2018,"83,649.5"
8/6/2018,"83,266.2"
8/7/2018,"83,246.0"
8/8/2018,"83,032.6"
8/9/2018,"83,379.6"
8/10/2018,"83,632.7"
8/13/2018,"83,838.4"
8/14/2018,"83,640.4"
8/15/2018,"82,592.3"
8/16/2018,"82,977.7"
8/17/2018,"82,837.1"
8/20/2018,"82,685.4"
8/21/2018,"83,175.9"
8/22/2018,"83,574.0"
8/23/2018,"83,607.6"
8/24/2018,"83,791.1"
8/27/2018,"84,024.6"
8/28/2018,"85,043.9"
8/29/2018,"84,992.4"
8/30/2018,"84,752.4"
8/31/2018,"85,285.3"
9/3/2018,"85,284.5"
9/4/2018,"85,113.0"
9/5/2018,"85,770.5"
9/6/2018,"86,660.8"
9/7/2018,"85,931.1"
9/10/2018,"86,645.8"
9/11/2018,"86,493.2"
9/12/2018,"86,296.9"
9/13/2018,"87,321.8"
9/14/2018,"86,348.1"
9/17/2018,"87,059.6"
9/18/2018,"87,290.5"
9/19/2018,"87,269.3"
9/20/2018,"87,635.6"
9/21/2018,"86,408.3"
9/24/2018,"87,301.6"
9/25/2018,"87,318.0"
9/26/2018,"86,648.8"
9/27/2018,"86,042.2"
9/28/2018,"86,063.7"
10/1/2018,"86,662.0"
10/2/2018,"87,780.5"
10/3/2018,"87,972.9"
10/4/2018,"88,682.2"
10/5/2018,"88,902.1"
10/8/2018,"87,898.1"
10/9/2018,"88,161.9"
10/10/2018,"88,164.4"
10/11/2018,"89,331.2"
10/12/2018,"89,813.2"
10/15/2018,"90,810.3"
10/16/2018,"90,573.4"
10/17/2018,"90,488.8"
10/18/2018,"90,043.4"
10/19/2018,"90,134.9"
10/22/2018,"89,796.3"
10/23/2018,"90,911.8"
10/24/2018,"90,088.5"
10/25/2018,"90,140.7"
10/26/2018,"90,524.5"